,src,dest,score,snapshot,time,label,pred
108400,142.20.57.196,142.20.61.188,0.9982807876961535,70.0,1446870,False,True
222887,142.20.56.52,142.20.61.193,0.998280730174395,71.0,1547613,False,True
222888,142.20.56.52,142.20.61.193,0.998280730174395,71.0,1547724,False,True
222889,142.20.56.52,142.20.61.193,0.998280730174395,71.0,1547730,False,True
223360,142.20.56.202,132.197.158.98,0.9982863691950332,71.0,1517864,False,True
223361,142.20.56.202,132.197.158.98,0.9982863691950332,71.0,1517910,False,True
223362,142.20.56.202,132.197.158.98,0.9982863691950332,71.0,1517911,False,True
223363,142.20.56.202,132.197.158.98,0.9982863691950332,71.0,1519235,False,True
223364,142.20.56.202,132.197.158.98,0.9982863691950332,71.0,1521098,False,True
223365,142.20.56.202,132.197.158.98,0.9982863691950332,71.0,1525710,True,True
223366,142.20.56.202,132.197.158.98,0.9982863691950332,71.0,1526523,True,True
223367,142.20.56.202,132.197.158.98,0.9982863691950332,71.0,1527253,True,True
223368,142.20.56.202,132.197.158.98,0.9982863691950332,71.0,1528310,True,True
223369,142.20.56.202,132.197.158.98,0.9982863691950332,71.0,1529363,True,True
223370,142.20.56.202,132.197.158.98,0.9982863691950332,71.0,1530356,True,True
223371,142.20.56.202,132.197.158.98,0.9982863691950332,71.0,1531269,True,True
223372,142.20.56.202,132.197.158.98,0.9982863691950332,71.0,1532273,True,True
223373,142.20.56.202,132.197.158.98,0.9982863691950332,71.0,1533233,True,True
223374,142.20.56.202,132.197.158.98,0.9982863691950332,71.0,1534455,True,True
223375,142.20.56.202,132.197.158.98,0.9982863691950332,71.0,1535405,True,True
223376,142.20.56.202,132.197.158.98,0.9982863691950332,71.0,1536303,True,True
223377,142.20.56.202,132.197.158.98,0.9982863691950332,71.0,1537166,True,True
223378,142.20.56.202,132.197.158.98,0.9982863691950332,71.0,1537268,False,True
223379,142.20.56.202,132.197.158.98,0.9982863691950332,71.0,1538136,True,True
223380,142.20.56.202,132.197.158.98,0.9982863691950332,71.0,1539099,True,True
223381,142.20.56.202,132.197.158.98,0.9982863691950332,71.0,1539735,True,True
223382,142.20.56.202,132.197.158.98,0.9982863691950332,71.0,1540413,True,True
223383,142.20.56.202,132.197.158.98,0.9982863691950332,71.0,1541379,True,True
223384,142.20.56.202,132.197.158.98,0.9982863691950332,71.0,1542512,True,True
223385,142.20.56.202,132.197.158.98,0.9982863691950332,71.0,1543685,True,True
223386,142.20.56.202,132.197.158.98,0.9982863691950332,71.0,1544292,True,True
223387,142.20.56.202,132.197.158.98,0.9982863691950332,71.0,1545077,True,True
223388,142.20.56.202,132.197.158.98,0.9982863691950332,71.0,1545191,True,True
223389,142.20.56.202,132.197.158.98,0.9982863691950332,71.0,1546382,True,True
223390,142.20.56.202,132.197.158.98,0.9982863691950332,71.0,1547418,False,True
223391,142.20.56.202,132.197.158.98,0.9982863691950332,71.0,1547445,True,True
223392,142.20.56.202,132.197.158.98,0.9982863691950332,71.0,1547550,False,True
223393,142.20.56.202,132.197.158.98,0.9982863691950332,71.0,1547741,False,True
223394,142.20.56.202,132.197.158.98,0.9982863691950332,71.0,1548462,True,True
223395,142.20.56.202,132.197.158.98,0.9982863691950332,71.0,1548967,False,True
223396,142.20.56.202,132.197.158.98,0.9982863691950332,71.0,1549644,True,True
223397,142.20.56.202,132.197.158.98,0.9982863691950332,71.0,1550076,False,True
223398,142.20.56.202,132.197.158.98,0.9982863691950332,71.0,1550563,True,True
223399,142.20.56.202,132.197.158.98,0.9982863691950332,71.0,1551493,False,True
223400,142.20.56.202,132.197.158.98,0.9982863691950332,71.0,1552125,True,True
223401,142.20.56.202,132.197.158.98,0.9982863691950332,71.0,1552597,False,True
223402,142.20.56.202,132.197.158.98,0.9982863691950332,71.0,1553112,True,True
223403,142.20.56.202,132.197.158.98,0.9982863691950332,71.0,1553513,False,True
223404,142.20.56.202,132.197.158.98,0.9982863691950332,71.0,1554034,True,True
223405,142.20.56.202,132.197.158.98,0.9982863691950332,71.0,1554970,False,True
223406,142.20.56.202,132.197.158.98,0.9982863691950332,71.0,1555589,True,True
223407,142.20.56.202,132.197.158.98,0.9982863691950332,71.0,1556266,False,True
223408,142.20.56.202,132.197.158.98,0.9982863691950332,71.0,1556639,True,True
223409,142.20.56.202,132.197.158.98,0.9982863691950332,71.0,1557242,True,True
223410,142.20.56.202,132.197.158.98,0.9982863691950332,71.0,1557735,True,True
223411,142.20.56.202,132.197.158.98,0.9982863691950332,71.0,1558311,True,True
223412,142.20.56.202,132.197.158.98,0.9982863691950332,71.0,1559084,True,True
223413,142.20.56.202,132.197.158.98,0.9982863691950332,71.0,1559490,True,True
223414,142.20.56.202,132.197.158.98,0.9982863691950332,71.0,1560188,True,True
223415,142.20.56.202,132.197.158.98,0.9982863691950332,71.0,1560542,True,True
223416,142.20.56.202,132.197.158.98,0.9982863691950332,71.0,1561100,True,True
223417,142.20.56.202,132.197.158.98,0.9982863691950332,71.0,1561633,True,True
223418,142.20.56.202,132.197.158.98,0.9982863691950332,71.0,1562410,True,True
223419,142.20.56.202,132.197.158.98,0.9982863691950332,71.0,1562823,True,True
223420,142.20.56.202,132.197.158.98,0.9982863691950332,71.0,1563362,True,True
223421,142.20.56.202,132.197.158.98,0.9982863691950332,71.0,1563473,True,True
223422,142.20.56.202,132.197.158.98,0.9982863691950332,71.0,1563993,True,True
223423,142.20.56.202,132.197.158.98,0.9982863691950332,71.0,1565120,True,True
223424,142.20.56.202,132.197.158.98,0.9982863691950332,71.0,1565913,True,True
223425,142.20.56.202,132.197.158.98,0.9982863691950332,71.0,1566620,True,True
223426,142.20.56.202,132.197.158.98,0.9982863691950332,71.0,1567694,True,True
223427,142.20.56.202,132.197.158.98,0.9982863691950332,71.0,1568627,True,True
223428,142.20.56.202,132.197.158.98,0.9982863691950332,71.0,1569785,True,True
223429,142.20.56.202,132.197.158.98,0.9982863691950332,71.0,1570558,True,True
223430,142.20.56.202,132.197.158.98,0.9982863691950332,71.0,1571594,True,True
223431,142.20.56.202,132.197.158.98,0.9982863691950332,71.0,1572409,True,True
223432,142.20.56.202,132.197.158.98,0.9982863691950332,71.0,1573255,True,True
223433,142.20.56.202,132.197.158.98,0.9982863691950332,71.0,1574395,True,True
223434,142.20.56.202,132.197.158.98,0.9982863691950332,71.0,1575359,True,True
223435,142.20.56.202,132.197.158.98,0.9982863691950332,71.0,1576524,True,True
223436,142.20.56.202,132.197.158.98,0.9982863691950332,71.0,1577760,True,True
223437,142.20.56.202,132.197.158.98,0.9982863691950332,71.0,1578393,True,True
223438,142.20.56.202,132.197.158.98,0.9982863691950332,71.0,1579879,True,True
223439,142.20.56.202,132.197.158.98,0.9982863691950332,71.0,1580699,True,True
223440,142.20.56.202,132.197.158.98,0.9982863691950332,71.0,1581702,True,True
223441,142.20.56.202,132.197.158.98,0.9982863691950332,71.0,1582419,True,True
223442,142.20.56.202,132.197.158.98,0.9982863691950332,71.0,1583608,True,True
223443,142.20.56.202,132.197.158.98,0.9982863691950332,71.0,1584883,True,True
223444,142.20.56.202,132.197.158.98,0.9982863691950332,71.0,1585748,True,True
223445,142.20.56.202,132.197.158.98,0.9982863691950332,71.0,1586934,True,True
223446,142.20.56.202,132.197.158.98,0.9982863691950332,71.0,1587922,True,True
223447,142.20.56.202,132.197.158.98,0.9982863691950332,71.0,1589097,True,True
223448,142.20.56.202,132.197.158.98,0.9982863691950332,71.0,1590054,True,True
223449,142.20.56.202,132.197.158.98,0.9982863691950332,71.0,1591032,True,True
223450,142.20.56.202,132.197.158.98,0.9982863691950332,71.0,1592022,True,True
223452,142.20.61.195,142.20.57.46,0.9982802590976956,71.0,1581558,False,True
223453,142.20.56.102,142.20.61.196,0.9982804357109631,71.0,1544997,False,True
312566,142.20.56.202,132.197.158.98,0.9982804853065143,72.0,1593347,True,True
312567,142.20.56.202,132.197.158.98,0.9982804853065143,72.0,1594471,True,True
312568,142.20.56.202,132.197.158.98,0.9982804853065143,72.0,1595533,True,True
312569,142.20.56.202,132.197.158.98,0.9982804853065143,72.0,1596664,True,True
312570,142.20.56.202,132.197.158.98,0.9982804853065143,72.0,1597639,True,True
312571,142.20.56.202,132.197.158.98,0.9982804853065143,72.0,1598200,True,True
312572,142.20.56.202,132.197.158.98,0.9982804853065143,72.0,1599312,True,True
312573,142.20.56.202,132.197.158.98,0.9982804853065143,72.0,1600356,True,True
312574,142.20.56.202,132.197.158.98,0.9982804853065143,72.0,1601328,True,True
312575,142.20.56.202,132.197.158.98,0.9982804853065143,72.0,1602475,True,True
312576,142.20.56.202,132.197.158.98,0.9982804853065143,72.0,1603257,True,True
312577,142.20.56.202,132.197.158.98,0.9982804853065143,72.0,1604140,True,True
312578,142.20.56.202,132.197.158.98,0.9982804853065143,72.0,1604988,True,True
312579,142.20.56.202,132.197.158.98,0.9982804853065143,72.0,1605651,True,True
312580,142.20.56.202,132.197.158.98,0.9982804853065143,72.0,1606842,True,True
312581,142.20.56.202,132.197.158.98,0.9982804853065143,72.0,1607489,True,True
312582,142.20.56.202,132.197.158.98,0.9982804853065143,72.0,1608512,True,True
312583,142.20.56.202,132.197.158.98,0.9982804853065143,72.0,1609334,True,True
312584,142.20.56.202,132.197.158.98,0.9982804853065143,72.0,1610234,True,True
312585,142.20.56.202,132.197.158.98,0.9982804853065143,72.0,1611166,True,True
312586,142.20.56.202,132.197.158.98,0.9982804853065143,72.0,1611836,True,True
312587,142.20.56.202,132.197.158.98,0.9982804853065143,72.0,1613001,True,True
312588,142.20.56.202,132.197.158.98,0.9982804853065143,72.0,1614226,True,True
312589,142.20.56.202,132.197.158.98,0.9982804853065143,72.0,1615109,True,True
312590,142.20.56.202,132.197.158.98,0.9982804853065143,72.0,1615983,True,True
312591,142.20.56.202,132.197.158.98,0.9982804853065143,72.0,1616812,True,True
312592,142.20.56.202,132.197.158.98,0.9982804853065143,72.0,1618157,True,True
312593,142.20.56.202,132.197.158.98,0.9982804853065143,72.0,1619602,True,True
312594,142.20.56.202,132.197.158.98,0.9982804853065143,72.0,1620467,True,True
312595,142.20.56.202,132.197.158.98,0.9982804853065143,72.0,1621734,True,True
312596,142.20.56.202,132.197.158.98,0.9982804853065143,72.0,1622857,True,True
312597,142.20.56.202,132.197.158.98,0.9982804853065143,72.0,1623757,True,True
312598,142.20.56.202,132.197.158.98,0.9982804853065143,72.0,1624402,True,True
312599,142.20.56.202,132.197.158.98,0.9982804853065143,72.0,1625313,True,True
312600,142.20.56.202,132.197.158.98,0.9982804853065143,72.0,1626220,True,True
312601,142.20.56.202,132.197.158.98,0.9982804853065143,72.0,1627252,True,True
312602,142.20.56.202,132.197.158.98,0.9982804853065143,72.0,1628358,True,True
312603,142.20.56.202,132.197.158.98,0.9982804853065143,72.0,1629597,True,True
312604,142.20.56.202,132.197.158.98,0.9982804853065143,72.0,1630528,True,True
312605,142.20.56.202,132.197.158.98,0.9982804853065143,72.0,1631466,True,True
312606,142.20.56.202,132.197.158.98,0.9982804853065143,72.0,1632121,True,True
312607,142.20.56.202,132.197.158.98,0.9982804853065143,72.0,1637851,True,True
312608,142.20.56.202,132.197.158.98,0.9982804853065143,72.0,1640041,True,True
312609,142.20.56.202,132.197.158.98,0.9982804853065143,72.0,1640819,True,True
312610,142.20.56.202,132.197.158.98,0.9982804853065143,72.0,1641799,True,True
312611,142.20.56.202,132.197.158.98,0.9982804853065143,72.0,1642556,True,True
312612,142.20.56.202,132.197.158.98,0.9982804853065143,72.0,1644096,True,True
312613,142.20.56.202,132.197.158.98,0.9982804853065143,72.0,1644207,True,True
312614,142.20.56.202,132.197.158.98,0.9982804853065143,72.0,1645391,True,True
312615,142.20.56.202,132.197.158.98,0.9982804853065143,72.0,1646170,True,True
312616,142.20.56.202,132.197.158.98,0.9982804853065143,72.0,1647155,True,True
312617,142.20.56.202,132.197.158.98,0.9982804853065143,72.0,1648124,True,True
312618,142.20.56.202,132.197.158.98,0.9982804853065143,72.0,1649306,True,True
312619,142.20.56.202,132.197.158.98,0.9982804853065143,72.0,1650377,True,True
312620,142.20.56.202,132.197.158.98,0.9982804853065143,72.0,1651619,True,True
312621,142.20.56.202,132.197.158.98,0.9982804853065143,72.0,1652716,True,True
312622,142.20.56.202,132.197.158.98,0.9982804853065143,72.0,1653653,True,True
312623,142.20.56.202,132.197.158.98,0.9982804853065143,72.0,1654720,True,True
312624,142.20.56.202,132.197.158.98,0.9982804853065143,72.0,1656039,True,True
312625,142.20.56.202,132.197.158.98,0.9982804853065143,72.0,1657112,True,True
312626,142.20.56.202,132.197.158.98,0.9982804853065143,72.0,1658279,True,True
312627,142.20.56.202,132.197.158.98,0.9982804853065143,72.0,1659432,True,True
312628,142.20.56.202,132.197.158.98,0.9982804853065143,72.0,1660473,True,True
312629,142.20.56.202,132.197.158.98,0.9982804853065143,72.0,1662048,True,True
312630,142.20.56.202,132.197.158.98,0.9982804853065143,72.0,1663559,True,True
312631,142.20.56.202,132.197.158.98,0.9982804853065143,72.0,1664411,True,True
312632,142.20.56.202,132.197.158.98,0.9982804853065143,72.0,1665266,True,True
312633,142.20.56.202,132.197.158.98,0.9982804853065143,72.0,1666299,True,True
312634,142.20.56.202,132.197.158.98,0.9982804853065143,72.0,1667568,True,True
312635,142.20.56.202,132.197.158.98,0.9982804853065143,72.0,1668582,True,True
312636,142.20.56.202,132.197.158.98,0.9982804853065143,72.0,1669713,True,True
312637,142.20.56.202,132.197.158.98,0.9982804853065143,72.0,1670649,True,True
312638,142.20.56.202,132.197.158.98,0.9982804853065143,72.0,1671517,True,True
312639,142.20.56.202,132.197.158.98,0.9982804853065143,72.0,1672805,True,True
312640,142.20.56.202,132.197.158.98,0.9982804853065143,72.0,1673841,True,True
312641,142.20.56.202,132.197.158.98,0.9982804853065143,72.0,1674719,True,True
312642,142.20.56.202,132.197.158.98,0.9982804853065143,72.0,1675803,True,True
312643,142.20.56.202,132.197.158.98,0.9982804853065143,72.0,1677088,True,True
312644,142.20.56.202,132.197.158.98,0.9982804853065143,72.0,1678354,True,True
312645,142.20.56.202,132.197.158.98,0.9982804853065143,72.0,1679280,True,True
312646,142.20.56.202,132.197.158.98,0.9982804853065143,72.0,1680264,True,True
312647,142.20.56.202,132.197.158.98,0.9982804853065143,72.0,1681020,True,True
312648,142.20.56.202,132.197.158.98,0.9982804853065143,72.0,1681731,True,True
312649,142.20.56.202,132.197.158.98,0.9982804853065143,72.0,1682696,True,True
312650,142.20.56.202,132.197.158.98,0.9982804853065143,72.0,1683853,True,True
312651,142.20.56.202,132.197.158.98,0.9982804853065143,72.0,1684720,True,True
312652,142.20.56.202,132.197.158.98,0.9982804853065143,72.0,1685764,True,True
312653,142.20.56.202,132.197.158.98,0.9982804853065143,72.0,1686905,True,True
312654,142.20.56.202,132.197.158.98,0.9982804853065143,72.0,1687886,True,True
312655,142.20.56.202,132.197.158.98,0.9982804853065143,72.0,1689113,True,True
312656,142.20.56.202,132.197.158.98,0.9982804853065143,72.0,1690001,True,True
312657,142.20.56.202,132.197.158.98,0.9982804853065143,72.0,1691070,True,True
312658,142.20.56.202,132.197.158.98,0.9982804853065143,72.0,1691956,True,True
312659,142.20.56.202,132.197.158.98,0.9982804853065143,72.0,1693817,True,True
312660,142.20.56.202,132.197.158.98,0.9982804853065143,72.0,1694523,True,True
312661,142.20.56.202,132.197.158.98,0.9982804853065143,72.0,1695627,True,True
312662,142.20.56.202,132.197.158.98,0.9982804853065143,72.0,1696658,True,True
312663,142.20.56.202,132.197.158.98,0.9982804853065143,72.0,1697709,True,True
312664,142.20.56.202,132.197.158.98,0.9982804853065143,72.0,1698660,True,True
312665,142.20.56.202,132.197.158.98,0.9982804853065143,72.0,1699825,True,True
312666,142.20.56.202,132.197.158.98,0.9982804853065143,72.0,1700975,True,True
312667,142.20.56.202,132.197.158.98,0.9982804853065143,72.0,1701928,True,True
312668,142.20.56.202,132.197.158.98,0.9982804853065143,72.0,1702801,True,True
312669,142.20.56.202,132.197.158.98,0.9982804853065143,72.0,1703664,True,True
312670,142.20.56.202,132.197.158.98,0.9982804853065143,72.0,1705126,True,True
312671,142.20.56.202,132.197.158.98,0.9982804853065143,72.0,1706062,True,True
312672,142.20.56.202,132.197.158.98,0.9982804853065143,72.0,1707199,True,True
312673,142.20.56.202,132.197.158.98,0.9982804853065143,72.0,1707338,True,True
312674,142.20.56.202,132.197.158.98,0.9982804853065143,72.0,1708576,True,True
312675,142.20.56.202,132.197.158.98,0.9982804853065143,72.0,1709476,True,True
312676,142.20.56.202,132.197.158.98,0.9982804853065143,72.0,1710515,True,True
418787,142.20.56.202,132.197.158.98,0.9982817530111139,73.0,1711248,True,True
418788,142.20.56.202,132.197.158.98,0.9982817530111139,73.0,1712703,True,True
418789,142.20.56.202,132.197.158.98,0.9982817530111139,73.0,1713733,True,True
418790,142.20.56.202,132.197.158.98,0.9982817530111139,73.0,1714254,True,True
418791,142.20.56.202,132.197.158.98,0.9982817530111139,73.0,1715216,True,True
418792,142.20.56.202,132.197.158.98,0.9982817530111139,73.0,1716056,True,True
418793,142.20.56.202,132.197.158.98,0.9982817530111139,73.0,1716858,True,True
418794,142.20.56.202,132.197.158.98,0.9982817530111139,73.0,1717584,True,True
418795,142.20.56.202,132.197.158.98,0.9982817530111139,73.0,1719994,True,True
418796,142.20.56.202,132.197.158.98,0.9982817530111139,73.0,1721025,True,True
418797,142.20.56.202,132.197.158.98,0.9982817530111139,73.0,1722389,True,True
418798,142.20.56.202,132.197.158.98,0.9982817530111139,73.0,1723264,True,True
418799,142.20.56.202,132.197.158.98,0.9982817530111139,73.0,1724283,True,True
418800,142.20.56.202,132.197.158.98,0.9982817530111139,73.0,1725579,True,True
418801,142.20.56.202,132.197.158.98,0.9982817530111139,73.0,1726433,True,True
418802,142.20.56.202,132.197.158.98,0.9982817530111139,73.0,1727550,True,True
418803,142.20.56.202,132.197.158.98,0.9982817530111139,73.0,1728408,True,True
418804,142.20.56.202,132.197.158.98,0.9982817530111139,73.0,1729325,True,True
418805,142.20.56.202,132.197.158.98,0.9982817530111139,73.0,1730552,True,True
418806,142.20.56.202,132.197.158.98,0.9982817530111139,73.0,1731374,True,True
418807,142.20.56.202,132.197.158.98,0.9982817530111139,73.0,1732177,True,True
418808,142.20.56.202,132.197.158.98,0.9982817530111139,73.0,1733363,True,True
418809,142.20.56.202,132.197.158.98,0.9982817530111139,73.0,1734293,True,True
418810,142.20.56.202,132.197.158.98,0.9982817530111139,73.0,1735301,True,True
418811,142.20.56.202,132.197.158.98,0.9982817530111139,73.0,1736232,True,True
418812,142.20.56.202,132.197.158.98,0.9982817530111139,73.0,1737120,True,True
418813,142.20.56.202,132.197.158.98,0.9982817530111139,73.0,1737800,True,True
418814,142.20.56.202,132.197.158.98,0.9982817530111139,73.0,1738867,True,True
418815,142.20.56.202,132.197.158.98,0.9982817530111139,73.0,1739822,True,True
418816,142.20.56.202,132.197.158.98,0.9982817530111139,73.0,1740719,True,True
418817,142.20.56.202,132.197.158.98,0.9982817530111139,73.0,1741497,True,True
418818,142.20.56.202,132.197.158.98,0.9982817530111139,73.0,1742345,True,True
418819,142.20.56.202,132.197.158.98,0.9982817530111139,73.0,1743571,True,True
418820,142.20.56.202,132.197.158.98,0.9982817530111139,73.0,1744567,True,True
418821,142.20.56.202,132.197.158.98,0.9982817530111139,73.0,1745355,True,True
418822,142.20.56.202,132.197.158.98,0.9982817530111139,73.0,1746478,True,True
418823,142.20.56.202,132.197.158.98,0.9982817530111139,73.0,1747773,True,True
418824,142.20.56.202,132.197.158.98,0.9982817530111139,73.0,1748832,True,True
418825,142.20.56.202,132.197.158.98,0.9982817530111139,73.0,1749724,True,True
418826,142.20.56.202,132.197.158.98,0.9982817530111139,73.0,1750807,True,True
418827,142.20.56.202,132.197.158.98,0.9982817530111139,73.0,1751687,True,True
418828,142.20.56.202,132.197.158.98,0.9982817530111139,73.0,1752630,True,True
418829,142.20.56.202,132.197.158.98,0.9982817530111139,73.0,1753587,True,True
418830,142.20.56.202,132.197.158.98,0.9982817530111139,73.0,1754361,True,True
418831,142.20.56.202,132.197.158.98,0.9982817530111139,73.0,1755225,True,True
418832,142.20.56.202,132.197.158.98,0.9982817530111139,73.0,1756258,True,True
418833,142.20.56.202,132.197.158.98,0.9982817530111139,73.0,1757134,True,True
418834,142.20.56.202,132.197.158.98,0.9982817530111139,73.0,1758501,True,True
418835,142.20.56.202,132.197.158.98,0.9982817530111139,73.0,1759704,True,True
418836,142.20.56.202,132.197.158.98,0.9982817530111139,73.0,1760530,True,True
418837,142.20.56.202,132.197.158.98,0.9982817530111139,73.0,1761223,True,True
418838,142.20.56.202,132.197.158.98,0.9982817530111139,73.0,1762397,True,True
418839,142.20.56.202,132.197.158.98,0.9982817530111139,73.0,1763557,True,True
418840,142.20.56.202,132.197.158.98,0.9982817530111139,73.0,1764428,True,True
418841,142.20.56.202,132.197.158.98,0.9982817530111139,73.0,1765345,True,True
418842,142.20.56.202,132.197.158.98,0.9982817530111139,73.0,1766213,True,True
418843,142.20.56.202,132.197.158.98,0.9982817530111139,73.0,1767105,True,True
418844,142.20.56.202,132.197.158.98,0.9982817530111139,73.0,1768065,True,True
418845,142.20.56.202,132.197.158.98,0.9982817530111139,73.0,1768763,True,True
418846,142.20.56.202,132.197.158.98,0.9982817530111139,73.0,1769745,True,True
418847,142.20.56.202,132.197.158.98,0.9982817530111139,73.0,1770587,True,True
418848,142.20.56.202,132.197.158.98,0.9982817530111139,73.0,1771494,True,True
418849,142.20.56.202,132.197.158.98,0.9982817530111139,73.0,1772532,True,True
418850,142.20.56.202,132.197.158.98,0.9982817530111139,73.0,1773444,True,True
418851,142.20.56.202,132.197.158.98,0.9982817530111139,73.0,1774528,True,True
418852,142.20.56.202,132.197.158.98,0.9982817530111139,73.0,1775387,True,True
418853,142.20.56.202,132.197.158.98,0.9982817530111139,73.0,1776280,True,True
418854,142.20.56.202,132.197.158.98,0.9982817530111139,73.0,1777013,True,True
418855,142.20.56.202,132.197.158.98,0.9982817530111139,73.0,1777837,True,True
418856,142.20.56.202,132.197.158.98,0.9982817530111139,73.0,1778413,True,True
418857,142.20.56.202,132.197.158.98,0.9982817530111139,73.0,1779582,True,True
418858,142.20.56.202,132.197.158.98,0.9982817530111139,73.0,1780784,True,True
418859,142.20.56.202,132.197.158.98,0.9982817530111139,73.0,1782195,True,True
418860,142.20.56.202,132.197.158.98,0.9982817530111139,73.0,1783107,True,True
418861,142.20.56.202,132.197.158.98,0.9982817530111139,73.0,1784220,True,True
418862,142.20.56.202,132.197.158.98,0.9982817530111139,73.0,1785136,True,True
418863,142.20.56.202,132.197.158.98,0.9982817530111139,73.0,1786385,True,True
418864,142.20.56.202,132.197.158.98,0.9982817530111139,73.0,1787107,True,True
418865,142.20.56.202,132.197.158.98,0.9982817530111139,73.0,1788240,True,True
418866,142.20.56.202,132.197.158.98,0.9982817530111139,73.0,1789300,True,True
418867,142.20.56.202,132.197.158.98,0.9982817530111139,73.0,1790248,True,True
418868,142.20.56.202,132.197.158.98,0.9982817530111139,73.0,1791145,True,True
418869,142.20.56.202,132.197.158.98,0.9982817530111139,73.0,1792259,True,True
418870,142.20.56.202,132.197.158.98,0.9982817530111139,73.0,1793189,True,True
418871,142.20.56.202,132.197.158.98,0.9982817530111139,73.0,1794324,True,True
418872,142.20.56.202,132.197.158.98,0.9982817530111139,73.0,1795330,True,True
418873,142.20.56.202,132.197.158.98,0.9982817530111139,73.0,1796492,True,True
418874,142.20.56.202,132.197.158.98,0.9982817530111139,73.0,1797372,True,True
418875,142.20.56.202,132.197.158.98,0.9982817530111139,73.0,1798025,True,True
418876,142.20.56.202,132.197.158.98,0.9982817530111139,73.0,1798927,True,True
418877,142.20.56.202,132.197.158.98,0.9982817530111139,73.0,1799696,True,True
418878,142.20.56.202,132.197.158.98,0.9982817530111139,73.0,1800725,True,True
418879,142.20.56.202,132.197.158.98,0.9982817530111139,73.0,1801539,True,True
418880,142.20.56.202,132.197.158.98,0.9982817530111139,73.0,1802405,True,True
418881,142.20.56.202,132.197.158.98,0.9982817530111139,73.0,1803457,True,True
418882,142.20.56.202,132.197.158.98,0.9982817530111139,73.0,1804568,True,True
418883,142.20.56.202,132.197.158.98,0.9982817530111139,73.0,1805657,True,True
418884,142.20.56.202,132.197.158.98,0.9982817530111139,73.0,1806808,True,True
418885,142.20.56.202,132.197.158.98,0.9982817530111139,73.0,1807910,True,True
418886,142.20.56.202,132.197.158.98,0.9982817530111139,73.0,1808969,True,True
418887,142.20.56.202,132.197.158.98,0.9982817530111139,73.0,1810259,True,True
418888,142.20.56.202,132.197.158.98,0.9982817530111139,73.0,1811837,True,True
418889,142.20.56.202,132.197.158.98,0.9982817530111139,73.0,1813076,True,True
418890,142.20.56.202,132.197.158.98,0.9982817530111139,73.0,1814157,True,True
418891,142.20.56.202,132.197.158.98,0.9982817530111139,73.0,1815746,True,True
418892,142.20.56.202,132.197.158.98,0.9982817530111139,73.0,1817034,True,True
418893,142.20.56.202,132.197.158.98,0.9982817530111139,73.0,1818025,True,True
418894,142.20.56.202,132.197.158.98,0.9982817530111139,73.0,1818791,True,True
418895,142.20.56.202,132.197.158.98,0.9982817530111139,73.0,1820166,True,True
418896,142.20.56.202,132.197.158.98,0.9982817530111139,73.0,1821219,True,True
418897,142.20.56.202,132.197.158.98,0.9982817530111139,73.0,1822252,True,True
418898,142.20.56.202,132.197.158.98,0.9982817530111139,73.0,1823261,True,True
545947,142.20.56.202,132.197.158.98,0.9982861966682659,74.0,1824342,True,True
545948,142.20.56.202,132.197.158.98,0.9982861966682659,74.0,1825484,True,True
545949,142.20.56.202,132.197.158.98,0.9982861966682659,74.0,1826708,True,True
545950,142.20.56.202,132.197.158.98,0.9982861966682659,74.0,1827792,True,True
545951,142.20.56.202,132.197.158.98,0.9982861966682659,74.0,1828741,True,True
545952,142.20.56.202,132.197.158.98,0.9982861966682659,74.0,1830660,True,True
545953,142.20.56.202,132.197.158.98,0.9982861966682659,74.0,1831720,True,True
545954,142.20.56.202,132.197.158.98,0.9982861966682659,74.0,1832903,True,True
545955,142.20.56.202,132.197.158.98,0.9982861966682659,74.0,1834018,True,True
545956,142.20.56.202,132.197.158.98,0.9982861966682659,74.0,1835201,True,True
545957,142.20.56.202,132.197.158.98,0.9982861966682659,74.0,1836243,True,True
545958,142.20.56.202,132.197.158.98,0.9982861966682659,74.0,1837084,True,True
545959,142.20.56.202,132.197.158.98,0.9982861966682659,74.0,1838283,True,True
545960,142.20.56.202,132.197.158.98,0.9982861966682659,74.0,1839465,True,True
545961,142.20.56.202,132.197.158.98,0.9982861966682659,74.0,1840561,True,True
545962,142.20.56.202,132.197.158.98,0.9982861966682659,74.0,1842037,True,True
545963,142.20.56.202,132.197.158.98,0.9982861966682659,74.0,1843108,True,True
545964,142.20.56.202,132.197.158.98,0.9982861966682659,74.0,1844293,True,True
545965,142.20.56.202,132.197.158.98,0.9982861966682659,74.0,1845474,True,True
545966,142.20.56.202,132.197.158.98,0.9982861966682659,74.0,1846472,True,True
545967,142.20.56.202,132.197.158.98,0.9982861966682659,74.0,1848050,True,True
545968,142.20.56.202,132.197.158.98,0.9982861966682659,74.0,1849001,True,True
545969,142.20.56.202,132.197.158.98,0.9982861966682659,74.0,1850124,True,True
545970,142.20.56.202,132.197.158.98,0.9982861966682659,74.0,1851635,True,True
545971,142.20.56.202,132.197.158.98,0.9982861966682659,74.0,1852615,True,True
545972,142.20.56.202,132.197.158.98,0.9982861966682659,74.0,1853601,True,True
545973,142.20.56.202,132.197.158.98,0.9982861966682659,74.0,1854750,True,True
545974,142.20.56.202,132.197.158.98,0.9982861966682659,74.0,1855890,True,True
545975,142.20.56.202,132.197.158.98,0.9982861966682659,74.0,1857348,True,True
545976,142.20.56.202,132.197.158.98,0.9982861966682659,74.0,1858359,True,True
545977,142.20.56.202,132.197.158.98,0.9982861966682659,74.0,1859508,True,True
545978,142.20.56.202,132.197.158.98,0.9982861966682659,74.0,1860600,True,True
545979,142.20.56.202,132.197.158.98,0.9982861966682659,74.0,1861620,True,True
545980,142.20.56.202,132.197.158.98,0.9982861966682659,74.0,1862384,True,True
545981,142.20.56.202,132.197.158.98,0.9982861966682659,74.0,1863929,True,True
545982,142.20.56.202,132.197.158.98,0.9982861966682659,74.0,1864912,True,True
545983,142.20.56.202,132.197.158.98,0.9982861966682659,74.0,1865992,True,True
545984,142.20.56.202,132.197.158.98,0.9982861966682659,74.0,1867034,True,True
545985,142.20.56.202,132.197.158.98,0.9982861966682659,74.0,1868161,True,True
545986,142.20.56.202,132.197.158.98,0.9982861966682659,74.0,1868932,True,True
545987,142.20.56.202,132.197.158.98,0.9982861966682659,74.0,1870131,True,True
545988,142.20.56.202,132.197.158.98,0.9982861966682659,74.0,1871521,True,True
545989,142.20.56.202,132.197.158.98,0.9982861966682659,74.0,1872152,True,True
545990,142.20.56.202,132.197.158.98,0.9982861966682659,74.0,1873199,True,True
545991,142.20.56.202,132.197.158.98,0.9982861966682659,74.0,1874492,True,True
545992,142.20.56.202,132.197.158.98,0.9982861966682659,74.0,1875262,True,True
545993,142.20.56.202,132.197.158.98,0.9982861966682659,74.0,1876567,True,True
545994,142.20.56.202,132.197.158.98,0.9982861966682659,74.0,1877658,True,True
545995,142.20.56.202,132.197.158.98,0.9982861966682659,74.0,1878660,True,True
545996,142.20.56.202,132.197.158.98,0.9982861966682659,74.0,1879660,True,True
545997,142.20.56.202,132.197.158.98,0.9982861966682659,74.0,1880515,True,True
545998,142.20.56.202,132.197.158.98,0.9982861966682659,74.0,1881737,True,True
545999,142.20.56.202,132.197.158.98,0.9982861966682659,74.0,1882910,True,True
546000,142.20.56.202,132.197.158.98,0.9982861966682659,74.0,1883738,True,True
546001,142.20.56.202,132.197.158.98,0.9982861966682659,74.0,1884833,True,True
546002,142.20.56.202,132.197.158.98,0.9982861966682659,74.0,1886167,True,True
546003,142.20.56.202,132.197.158.98,0.9982861966682659,74.0,1888577,True,True
546004,142.20.56.202,132.197.158.98,0.9982861966682659,74.0,1889642,True,True
546005,142.20.56.202,132.197.158.98,0.9982861966682659,74.0,1890878,True,True
546006,142.20.56.202,132.197.158.98,0.9982861966682659,74.0,1891541,True,True
546007,142.20.56.202,132.197.158.98,0.9982861966682659,74.0,1892858,True,True
546008,142.20.56.202,132.197.158.98,0.9982861966682659,74.0,1893760,True,True
546009,142.20.56.202,132.197.158.98,0.9982861966682659,74.0,1894916,True,True
546010,142.20.56.202,132.197.158.98,0.9982861966682659,74.0,1896296,True,True
546011,142.20.56.202,132.197.158.98,0.9982861966682659,74.0,1897388,True,True
546012,142.20.56.202,132.197.158.98,0.9982861966682659,74.0,1898571,True,True
546013,142.20.56.202,132.197.158.98,0.9982861966682659,74.0,1899964,True,True
546014,142.20.56.202,132.197.158.98,0.9982861966682659,74.0,1901038,True,True
546015,142.20.56.202,132.197.158.98,0.9982861966682659,74.0,1901894,True,True
546016,142.20.56.202,132.197.158.98,0.9982861966682659,74.0,1903037,True,True
546017,142.20.56.202,132.197.158.98,0.9982861966682659,74.0,1904329,True,True
546018,142.20.56.202,132.197.158.98,0.9982861966682659,74.0,1905632,True,True
546019,142.20.56.202,132.197.158.98,0.9982861966682659,74.0,1906663,True,True
546020,142.20.56.202,132.197.158.98,0.9982861966682659,74.0,1907782,True,True
546021,142.20.56.202,132.197.158.98,0.9982861966682659,74.0,1908870,True,True
546022,142.20.56.202,132.197.158.98,0.9982861966682659,74.0,1909874,True,True
546023,142.20.56.202,132.197.158.98,0.9982861966682659,74.0,1911075,True,True
546024,142.20.56.202,132.197.158.98,0.9982861966682659,74.0,1912350,True,True
546025,142.20.56.202,132.197.158.98,0.9982861966682659,74.0,1913592,True,True
546026,142.20.56.202,132.197.158.98,0.9982861966682659,74.0,1914609,True,True
546027,142.20.56.202,132.197.158.98,0.9982861966682659,74.0,1916009,True,True
546028,142.20.56.202,132.197.158.98,0.9982861966682659,74.0,1917137,True,True
546029,142.20.56.202,132.197.158.98,0.9982861966682659,74.0,1918396,True,True
546030,142.20.56.202,132.197.158.98,0.9982861966682659,74.0,1919429,True,True
546031,142.20.56.202,132.197.158.98,0.9982861966682659,74.0,1920356,True,True
546032,142.20.56.202,132.197.158.98,0.9982861966682659,74.0,1921448,True,True
546033,142.20.56.202,132.197.158.98,0.9982861966682659,74.0,1922337,True,True
546034,142.20.56.202,132.197.158.98,0.9982861966682659,74.0,1923161,True,True
546035,142.20.56.202,132.197.158.98,0.9982861966682659,74.0,1924056,True,True
546036,142.20.56.202,132.197.158.98,0.9982861966682659,74.0,1925145,True,True
546037,142.20.56.202,132.197.158.98,0.9982861966682659,74.0,1926531,True,True
546038,142.20.56.202,132.197.158.98,0.9982861966682659,74.0,1927771,True,True
546039,142.20.56.202,132.197.158.98,0.9982861966682659,74.0,1929107,True,True
546040,142.20.56.202,132.197.158.98,0.9982861966682659,74.0,1930036,True,True
546041,142.20.56.202,132.197.158.98,0.9982861966682659,74.0,1931060,True,True
546042,142.20.56.202,132.197.158.98,0.9982861966682659,74.0,1932098,True,True
546043,142.20.56.202,132.197.158.98,0.9982861966682659,74.0,1933048,True,True
546044,142.20.56.202,132.197.158.98,0.9982861966682659,74.0,1933921,True,True
546045,142.20.56.202,132.197.158.98,0.9982861966682659,74.0,1935153,True,True
546046,142.20.56.202,132.197.158.98,0.9982861966682659,74.0,1936695,True,True
546047,142.20.56.202,132.197.158.98,0.9982861966682659,74.0,1937721,True,True
546048,142.20.56.202,132.197.158.98,0.9982861966682659,74.0,1938794,True,True
546049,142.20.56.202,132.197.158.98,0.9982861966682659,74.0,1939828,True,True
546050,142.20.56.202,132.197.158.98,0.9982861966682659,74.0,1940852,True,True
546051,142.20.56.202,132.197.158.98,0.9982861966682659,74.0,1942248,True,True
546052,142.20.56.202,132.197.158.98,0.9982861966682659,74.0,1943327,True,True
546053,142.20.56.202,132.197.158.98,0.9982861966682659,74.0,1944580,True,True
546054,142.20.56.202,132.197.158.98,0.9982861966682659,74.0,1945855,True,True
546055,142.20.56.202,132.197.158.98,0.9982861966682659,74.0,1947009,True,True
546056,142.20.56.202,132.197.158.98,0.9982861966682659,74.0,1948424,True,True
546057,142.20.56.202,132.197.158.98,0.9982861966682659,74.0,1949759,True,True
546058,142.20.56.202,132.197.158.98,0.9982861966682659,74.0,1951100,True,True
546059,142.20.56.202,132.197.158.98,0.9982861966682659,74.0,1952137,True,True
546060,142.20.56.202,142.20.61.187,0.9982838181943059,74.0,1848931,False,True
683024,142.20.56.202,132.197.158.98,0.998280072816397,75.0,1953160,True,True
683025,142.20.56.202,132.197.158.98,0.998280072816397,75.0,1954421,True,True
683026,142.20.56.202,132.197.158.98,0.998280072816397,75.0,1955534,True,True
683027,142.20.56.202,132.197.158.98,0.998280072816397,75.0,1956806,True,True
683028,142.20.56.202,132.197.158.98,0.998280072816397,75.0,1958002,True,True
683029,142.20.56.202,132.197.158.98,0.998280072816397,75.0,1959091,True,True
683030,142.20.56.202,132.197.158.98,0.998280072816397,75.0,1960108,True,True
683031,142.20.56.202,132.197.158.98,0.998280072816397,75.0,1961573,True,True
683032,142.20.56.202,132.197.158.98,0.998280072816397,75.0,1962739,True,True
683033,142.20.56.202,132.197.158.98,0.998280072816397,75.0,1963903,True,True
683034,142.20.56.202,132.197.158.98,0.998280072816397,75.0,1964909,True,True
683035,142.20.56.202,132.197.158.98,0.998280072816397,75.0,1966157,True,True
683036,142.20.56.202,132.197.158.98,0.998280072816397,75.0,1967299,True,True
683037,142.20.56.202,132.197.158.98,0.998280072816397,75.0,1968493,True,True
683038,142.20.56.202,132.197.158.98,0.998280072816397,75.0,1969741,True,True
683039,142.20.56.202,132.197.158.98,0.998280072816397,75.0,1970960,True,True
683040,142.20.56.202,132.197.158.98,0.998280072816397,75.0,1972226,True,True
683041,142.20.56.202,132.197.158.98,0.998280072816397,75.0,1973526,True,True
683042,142.20.56.202,132.197.158.98,0.998280072816397,75.0,1974521,True,True
683043,142.20.56.202,132.197.158.98,0.998280072816397,75.0,1975718,True,True
683044,142.20.56.202,132.197.158.98,0.998280072816397,75.0,1976522,True,True
683045,142.20.56.202,132.197.158.98,0.998280072816397,75.0,1977442,True,True
683046,142.20.56.202,132.197.158.98,0.998280072816397,75.0,1978837,True,True
683047,142.20.56.202,132.197.158.98,0.998280072816397,75.0,1980444,True,True
683048,142.20.56.202,132.197.158.98,0.998280072816397,75.0,1981834,True,True
683049,142.20.56.202,132.197.158.98,0.998280072816397,75.0,1982802,True,True
683050,142.20.56.202,132.197.158.98,0.998280072816397,75.0,1983997,True,True
683051,142.20.56.202,132.197.158.98,0.998280072816397,75.0,1985292,True,True
683052,142.20.56.202,132.197.158.98,0.998280072816397,75.0,1986295,True,True
683053,142.20.56.202,132.197.158.98,0.998280072816397,75.0,1987252,True,True
683054,142.20.56.202,132.197.158.98,0.998280072816397,75.0,1988583,True,True
683055,142.20.56.202,132.197.158.98,0.998280072816397,75.0,1989796,True,True
683056,142.20.56.202,132.197.158.98,0.998280072816397,75.0,1991221,True,True
683057,142.20.56.202,132.197.158.98,0.998280072816397,75.0,1992071,True,True
683058,142.20.56.202,132.197.158.98,0.998280072816397,75.0,1993335,True,True
683059,142.20.56.202,132.197.158.98,0.998280072816397,75.0,1994653,True,True
683060,142.20.56.202,132.197.158.98,0.998280072816397,75.0,1995820,True,True
683061,142.20.56.202,132.197.158.98,0.998280072816397,75.0,1996744,True,True
683062,142.20.56.202,132.197.158.98,0.998280072816397,75.0,1997821,True,True
683063,142.20.56.202,132.197.158.98,0.998280072816397,75.0,1999384,True,True
683064,142.20.56.202,132.197.158.98,0.998280072816397,75.0,2000279,True,True
683065,142.20.56.202,132.197.158.98,0.998280072816397,75.0,2001404,True,True
683066,142.20.56.202,132.197.158.98,0.998280072816397,75.0,2002505,True,True
683067,142.20.56.202,132.197.158.98,0.998280072816397,75.0,2004023,True,True
683068,142.20.56.202,132.197.158.98,0.998280072816397,75.0,2005358,True,True
683069,142.20.56.202,132.197.158.98,0.998280072816397,75.0,2006326,True,True
683070,142.20.56.202,132.197.158.98,0.998280072816397,75.0,2007694,True,True
683071,142.20.56.202,132.197.158.98,0.998280072816397,75.0,2008547,True,True
683072,142.20.56.202,132.197.158.98,0.998280072816397,75.0,2009425,True,True
683073,142.20.56.202,132.197.158.98,0.998280072816397,75.0,2010439,True,True
683074,142.20.56.202,132.197.158.98,0.998280072816397,75.0,2011480,True,True
683075,142.20.56.202,132.197.158.98,0.998280072816397,75.0,2012518,True,True
683076,142.20.56.202,132.197.158.98,0.998280072816397,75.0,2013628,True,True
683077,142.20.56.202,132.197.158.98,0.998280072816397,75.0,2014935,True,True
683078,142.20.56.202,132.197.158.98,0.998280072816397,75.0,2015887,True,True
683079,142.20.56.202,132.197.158.98,0.998280072816397,75.0,2017209,True,True
683080,142.20.56.202,132.197.158.98,0.998280072816397,75.0,2018372,True,True
683081,142.20.56.202,132.197.158.98,0.998280072816397,75.0,2019418,True,True
683082,142.20.56.202,132.197.158.98,0.998280072816397,75.0,2020553,True,True
683083,142.20.56.202,132.197.158.98,0.998280072816397,75.0,2021767,True,True
683084,142.20.56.202,132.197.158.98,0.998280072816397,75.0,2022858,True,True
683085,142.20.56.202,132.197.158.98,0.998280072816397,75.0,2024135,True,True
683086,142.20.56.202,132.197.158.98,0.998280072816397,75.0,2025367,True,True
683087,142.20.56.202,132.197.158.98,0.998280072816397,75.0,2026535,True,True
683088,142.20.56.202,132.197.158.98,0.998280072816397,75.0,2027236,True,True
683089,142.20.56.202,132.197.158.98,0.998280072816397,75.0,2028295,True,True
683090,142.20.56.202,132.197.158.98,0.998280072816397,75.0,2029554,True,True
683091,142.20.56.202,132.197.158.98,0.998280072816397,75.0,2030971,True,True
683092,142.20.56.202,132.197.158.98,0.998280072816397,75.0,2032092,True,True
683093,142.20.56.202,132.197.158.98,0.998280072816397,75.0,2033044,True,True
683094,142.20.56.202,132.197.158.98,0.998280072816397,75.0,2034238,True,True
683095,142.20.56.202,132.197.158.98,0.998280072816397,75.0,2035178,True,True
683096,142.20.56.202,132.197.158.98,0.998280072816397,75.0,2036189,True,True
683097,142.20.56.202,132.197.158.98,0.998280072816397,75.0,2037482,True,True
683098,142.20.56.202,132.197.158.98,0.998280072816397,75.0,2038509,True,True
683099,142.20.56.202,132.197.158.98,0.998280072816397,75.0,2039857,True,True
683100,142.20.56.202,132.197.158.98,0.998280072816397,75.0,2041254,True,True
683101,142.20.56.202,132.197.158.98,0.998280072816397,75.0,2042444,True,True
683102,142.20.56.202,132.197.158.98,0.998280072816397,75.0,2043701,True,True
683103,142.20.56.202,132.197.158.98,0.998280072816397,75.0,2044782,True,True
683104,142.20.56.202,132.197.158.98,0.998280072816397,75.0,2046326,True,True
683105,142.20.56.202,132.197.158.98,0.998280072816397,75.0,2047278,True,True
683106,142.20.56.202,132.197.158.98,0.998280072816397,75.0,2049051,True,True
683107,142.20.56.202,132.197.158.98,0.998280072816397,75.0,2050315,True,True
683108,142.20.56.202,132.197.158.98,0.998280072816397,75.0,2051432,True,True
683109,142.20.56.202,132.197.158.98,0.998280072816397,75.0,2052619,True,True
683110,142.20.56.202,132.197.158.98,0.998280072816397,75.0,2053859,True,True
683111,142.20.56.202,132.197.158.98,0.998280072816397,75.0,2055150,True,True
683112,142.20.56.202,132.197.158.98,0.998280072816397,75.0,2056533,True,True
683113,142.20.56.202,132.197.158.98,0.998280072816397,75.0,2058102,True,True
683114,142.20.56.202,132.197.158.98,0.998280072816397,75.0,2059594,True,True
683115,142.20.56.202,132.197.158.98,0.998280072816397,75.0,2060934,True,True
683116,142.20.56.202,132.197.158.98,0.998280072816397,75.0,2061984,True,True
683117,142.20.56.202,132.197.158.98,0.998280072816397,75.0,2063641,True,True
683118,142.20.56.202,132.197.158.98,0.998280072816397,75.0,2064896,True,True
683119,142.20.56.202,132.197.158.98,0.998280072816397,75.0,2065960,True,True
683120,142.20.56.202,132.197.158.98,0.998280072816397,75.0,2066745,True,True
683121,142.20.56.202,132.197.158.98,0.998280072816397,75.0,2068641,True,True
683122,142.20.56.202,132.197.158.98,0.998280072816397,75.0,2070162,True,True
683123,142.20.56.202,132.197.158.98,0.998280072816397,75.0,2071728,True,True
683124,142.20.56.202,132.197.158.98,0.998280072816397,75.0,2072725,True,True
683125,142.20.56.202,132.197.158.98,0.998280072816397,75.0,2073975,True,True
683126,142.20.56.202,132.197.158.98,0.998280072816397,75.0,2075343,True,True
683127,142.20.56.202,132.197.158.98,0.998280072816397,75.0,2076478,True,True
683128,142.20.56.202,132.197.158.98,0.998280072816397,75.0,2077791,True,True
683129,142.20.56.202,132.197.158.98,0.998280072816397,75.0,2079143,True,True
683130,142.20.56.202,132.197.158.98,0.998280072816397,75.0,2080200,True,True
683131,142.20.56.202,132.197.158.98,0.998280072816397,75.0,2081716,True,True
683132,142.20.56.202,132.197.158.98,0.998280072816397,75.0,2082876,True,True
683133,142.20.56.202,132.197.158.98,0.998280072816397,75.0,2084337,True,True
683134,142.20.56.202,132.197.158.98,0.998280072816397,75.0,2085410,True,True
683135,142.20.56.202,132.197.158.98,0.998280072816397,75.0,2086184,True,True
683136,142.20.56.202,132.197.158.98,0.998280072816397,75.0,2087521,True,True
683137,142.20.56.202,132.197.158.98,0.998280072816397,75.0,2088507,True,True
683138,142.20.56.202,132.197.158.98,0.998280072816397,75.0,2090057,True,True
722049,142.20.57.46,142.20.61.193,0.9982827361192993,75.0,2019571,False,True
